-- --------------------------------------------------------
-- Host:                         127.0.0.1
-- Server version:               5.7.33 - MySQL Community Server (GPL)
-- Server OS:                    Win64
-- HeidiSQL Version:             11.2.0.6213
-- --------------------------------------------------------

/*!40101 SET @OLD_CHARACTER_SET_CLIENT=@@CHARACTER_SET_CLIENT */;
/*!40101 SET NAMES utf8 */;
/*!50503 SET NAMES utf8mb4 */;
/*!40014 SET @OLD_FOREIGN_KEY_CHECKS=@@FOREIGN_KEY_CHECKS, FOREIGN_KEY_CHECKS=0 */;
/*!40101 SET @OLD_SQL_MODE=@@SQL_MODE, SQL_MODE='NO_AUTO_VALUE_ON_ZERO' */;
/*!40111 SET @OLD_SQL_NOTES=@@SQL_NOTES, SQL_NOTES=0 */;


-- Dumping database structure for kembara_smart
CREATE DATABASE IF NOT EXISTS `kembara_smart` /*!40100 DEFAULT CHARACTER SET latin1 */;
USE `kembara_smart`;

-- Dumping structure for table kembara_smart.cache
CREATE TABLE IF NOT EXISTS `cache` (
  `key` varchar(255) COLLATE utf8mb4_unicode_ci NOT NULL,
  `value` mediumtext COLLATE utf8mb4_unicode_ci NOT NULL,
  `expiration` int(11) NOT NULL,
  PRIMARY KEY (`key`)
) ENGINE=InnoDB DEFAULT CHARSET=utf8mb4 COLLATE=utf8mb4_unicode_ci;

-- Dumping data for table kembara_smart.cache: ~0 rows (approximately)
/*!40000 ALTER TABLE `cache` DISABLE KEYS */;
INSERT INTO `cache` (`key`, `value`, `expiration`) VALUES
	('laravel-cache-0b5ed025495008a307f6b06dd1e4cce2', 'i:1;', 1765769485),
	('laravel-cache-0b5ed025495008a307f6b06dd1e4cce2:timer', 'i:1765769485;', 1765769485),
	('laravel-cache-c525a5357e97fef8d3db25841c86da1a', 'i:1;', 1765766262),
	('laravel-cache-c525a5357e97fef8d3db25841c86da1a:timer', 'i:1765766262;', 1765766262),
	('laravel-cache-spatie.permission.cache', 'a:3:{s:5:"alias";a:6:{s:1:"a";s:2:"id";s:1:"b";s:4:"name";s:1:"c";s:11:"description";s:1:"d";s:10:"guard_name";s:1:"e";s:5:"group";s:1:"r";s:5:"roles";}s:11:"permissions";a:12:{i:0;a:6:{s:1:"a";i:1;s:1:"b";s:10:"users.view";s:1:"c";s:9:"View User";s:1:"d";s:3:"web";s:1:"e";s:4:"User";s:1:"r";a:1:{i:0;i:1;}}i:1;a:6:{s:1:"a";i:2;s:1:"b";s:12:"users.create";s:1:"c";s:11:"Create User";s:1:"d";s:3:"web";s:1:"e";s:4:"User";s:1:"r";a:1:{i:0;i:1;}}i:2;a:6:{s:1:"a";i:3;s:1:"b";s:10:"users.edit";s:1:"c";s:9:"Edit User";s:1:"d";s:3:"web";s:1:"e";s:4:"User";s:1:"r";a:1:{i:0;i:1;}}i:3;a:6:{s:1:"a";i:4;s:1:"b";s:12:"users.delete";s:1:"c";s:11:"Delete User";s:1:"d";s:3:"web";s:1:"e";s:4:"User";s:1:"r";a:1:{i:0;i:1;}}i:4;a:6:{s:1:"a";i:5;s:1:"b";s:10:"roles.view";s:1:"c";s:9:"View Role";s:1:"d";s:3:"web";s:1:"e";s:4:"Role";s:1:"r";a:1:{i:0;i:1;}}i:5;a:6:{s:1:"a";i:6;s:1:"b";s:12:"roles.create";s:1:"c";s:11:"Create Role";s:1:"d";s:3:"web";s:1:"e";s:4:"Role";s:1:"r";a:1:{i:0;i:1;}}i:6;a:6:{s:1:"a";i:7;s:1:"b";s:10:"roles.edit";s:1:"c";s:9:"Edit Role";s:1:"d";s:3:"web";s:1:"e";s:4:"Role";s:1:"r";a:1:{i:0;i:1;}}i:7;a:6:{s:1:"a";i:8;s:1:"b";s:12:"roles.delete";s:1:"c";s:11:"Delete Role";s:1:"d";s:3:"web";s:1:"e";s:4:"Role";s:1:"r";a:1:{i:0;i:1;}}i:8;a:6:{s:1:"a";i:9;s:1:"b";s:13:"packages.view";s:1:"c";s:12:"View Package";s:1:"d";s:3:"web";s:1:"e";s:8:"Packages";s:1:"r";a:1:{i:0;i:1;}}i:9;a:6:{s:1:"a";i:10;s:1:"b";s:15:"packages.create";s:1:"c";s:12:"View Package";s:1:"d";s:3:"web";s:1:"e";s:8:"Packages";s:1:"r";a:1:{i:0;i:1;}}i:10;a:6:{s:1:"a";i:11;s:1:"b";s:13:"packages.edit";s:1:"c";s:12:"View Package";s:1:"d";s:3:"web";s:1:"e";s:8:"Packages";s:1:"r";a:1:{i:0;i:1;}}i:11;a:6:{s:1:"a";i:12;s:1:"b";s:15:"packages.delete";s:1:"c";s:12:"View Package";s:1:"d";s:3:"web";s:1:"e";s:8:"Packages";s:1:"r";a:1:{i:0;i:1;}}}s:5:"roles";a:1:{i:0;a:4:{s:1:"a";i:1;s:1:"b";s:11:"super-admin";s:1:"c";s:11:"Super Admin";s:1:"d";s:3:"web";}}}', 1765854348);
/*!40000 ALTER TABLE `cache` ENABLE KEYS */;

-- Dumping structure for table kembara_smart.cache_locks
CREATE TABLE IF NOT EXISTS `cache_locks` (
  `key` varchar(255) COLLATE utf8mb4_unicode_ci NOT NULL,
  `owner` varchar(255) COLLATE utf8mb4_unicode_ci NOT NULL,
  `expiration` int(11) NOT NULL,
  PRIMARY KEY (`key`)
) ENGINE=InnoDB DEFAULT CHARSET=utf8mb4 COLLATE=utf8mb4_unicode_ci;

-- Dumping data for table kembara_smart.cache_locks: ~0 rows (approximately)
/*!40000 ALTER TABLE `cache_locks` DISABLE KEYS */;
/*!40000 ALTER TABLE `cache_locks` ENABLE KEYS */;

-- Dumping structure for table kembara_smart.failed_jobs
CREATE TABLE IF NOT EXISTS `failed_jobs` (
  `id` bigint(20) unsigned NOT NULL AUTO_INCREMENT,
  `uuid` varchar(255) COLLATE utf8mb4_unicode_ci NOT NULL,
  `connection` text COLLATE utf8mb4_unicode_ci NOT NULL,
  `queue` text COLLATE utf8mb4_unicode_ci NOT NULL,
  `payload` longtext COLLATE utf8mb4_unicode_ci NOT NULL,
  `exception` longtext COLLATE utf8mb4_unicode_ci NOT NULL,
  `failed_at` timestamp NOT NULL DEFAULT CURRENT_TIMESTAMP,
  PRIMARY KEY (`id`),
  UNIQUE KEY `failed_jobs_uuid_unique` (`uuid`)
) ENGINE=InnoDB DEFAULT CHARSET=utf8mb4 COLLATE=utf8mb4_unicode_ci;

-- Dumping data for table kembara_smart.failed_jobs: ~0 rows (approximately)
/*!40000 ALTER TABLE `failed_jobs` DISABLE KEYS */;
/*!40000 ALTER TABLE `failed_jobs` ENABLE KEYS */;

-- Dumping structure for table kembara_smart.jobs
CREATE TABLE IF NOT EXISTS `jobs` (
  `id` bigint(20) unsigned NOT NULL AUTO_INCREMENT,
  `queue` varchar(255) COLLATE utf8mb4_unicode_ci NOT NULL,
  `payload` longtext COLLATE utf8mb4_unicode_ci NOT NULL,
  `attempts` tinyint(3) unsigned NOT NULL,
  `reserved_at` int(10) unsigned DEFAULT NULL,
  `available_at` int(10) unsigned NOT NULL,
  `created_at` int(10) unsigned NOT NULL,
  PRIMARY KEY (`id`),
  KEY `jobs_queue_index` (`queue`)
) ENGINE=InnoDB DEFAULT CHARSET=utf8mb4 COLLATE=utf8mb4_unicode_ci;

-- Dumping data for table kembara_smart.jobs: ~0 rows (approximately)
/*!40000 ALTER TABLE `jobs` DISABLE KEYS */;
/*!40000 ALTER TABLE `jobs` ENABLE KEYS */;

-- Dumping structure for table kembara_smart.job_batches
CREATE TABLE IF NOT EXISTS `job_batches` (
  `id` varchar(255) COLLATE utf8mb4_unicode_ci NOT NULL,
  `name` varchar(255) COLLATE utf8mb4_unicode_ci NOT NULL,
  `total_jobs` int(11) NOT NULL,
  `pending_jobs` int(11) NOT NULL,
  `failed_jobs` int(11) NOT NULL,
  `failed_job_ids` longtext COLLATE utf8mb4_unicode_ci NOT NULL,
  `options` mediumtext COLLATE utf8mb4_unicode_ci,
  `cancelled_at` int(11) DEFAULT NULL,
  `created_at` int(11) NOT NULL,
  `finished_at` int(11) DEFAULT NULL,
  PRIMARY KEY (`id`)
) ENGINE=InnoDB DEFAULT CHARSET=utf8mb4 COLLATE=utf8mb4_unicode_ci;

-- Dumping data for table kembara_smart.job_batches: ~0 rows (approximately)
/*!40000 ALTER TABLE `job_batches` DISABLE KEYS */;
/*!40000 ALTER TABLE `job_batches` ENABLE KEYS */;

-- Dumping structure for table kembara_smart.migrations
CREATE TABLE IF NOT EXISTS `migrations` (
  `id` int(10) unsigned NOT NULL AUTO_INCREMENT,
  `migration` varchar(255) COLLATE utf8mb4_unicode_ci NOT NULL,
  `batch` int(11) NOT NULL,
  PRIMARY KEY (`id`)
) ENGINE=InnoDB AUTO_INCREMENT=10 DEFAULT CHARSET=utf8mb4 COLLATE=utf8mb4_unicode_ci;

-- Dumping data for table kembara_smart.migrations: ~9 rows (approximately)
/*!40000 ALTER TABLE `migrations` DISABLE KEYS */;
INSERT INTO `migrations` (`id`, `migration`, `batch`) VALUES
	(1, '0001_01_01_000000_create_users_table', 1),
	(2, '0001_01_01_000001_create_cache_table', 1),
	(3, '0001_01_01_000002_create_jobs_table', 1),
	(4, '2025_08_14_170933_add_two_factor_columns_to_users_table', 1),
	(5, '2025_12_09_025336_create_permission_tables', 1),
	(6, '2025_12_10_034256_create_tbl_ap_packages_table', 1),
	(7, '2025_12_10_034315_create_tbl_ap_subpackages_table', 1),
	(8, '2025_12_15_014016_add_description_and_group_to_permissions', 1),
	(9, '2025_12_15_014058_add_description__to_roles', 1);
/*!40000 ALTER TABLE `migrations` ENABLE KEYS */;

-- Dumping structure for table kembara_smart.model_has_permissions
CREATE TABLE IF NOT EXISTS `model_has_permissions` (
  `permission_id` bigint(20) unsigned NOT NULL,
  `model_type` varchar(255) COLLATE utf8mb4_unicode_ci NOT NULL,
  `model_id` bigint(20) unsigned NOT NULL,
  PRIMARY KEY (`permission_id`,`model_id`,`model_type`),
  KEY `model_has_permissions_model_id_model_type_index` (`model_id`,`model_type`),
  CONSTRAINT `model_has_permissions_permission_id_foreign` FOREIGN KEY (`permission_id`) REFERENCES `permissions` (`id`) ON DELETE CASCADE
) ENGINE=InnoDB DEFAULT CHARSET=utf8mb4 COLLATE=utf8mb4_unicode_ci;

-- Dumping data for table kembara_smart.model_has_permissions: ~0 rows (approximately)
/*!40000 ALTER TABLE `model_has_permissions` DISABLE KEYS */;
/*!40000 ALTER TABLE `model_has_permissions` ENABLE KEYS */;

-- Dumping structure for table kembara_smart.model_has_roles
CREATE TABLE IF NOT EXISTS `model_has_roles` (
  `role_id` bigint(20) unsigned NOT NULL,
  `model_type` varchar(255) COLLATE utf8mb4_unicode_ci NOT NULL,
  `model_id` bigint(20) unsigned NOT NULL,
  PRIMARY KEY (`role_id`,`model_id`,`model_type`),
  KEY `model_has_roles_model_id_model_type_index` (`model_id`,`model_type`),
  CONSTRAINT `model_has_roles_role_id_foreign` FOREIGN KEY (`role_id`) REFERENCES `roles` (`id`) ON DELETE CASCADE
) ENGINE=InnoDB DEFAULT CHARSET=utf8mb4 COLLATE=utf8mb4_unicode_ci;

-- Dumping data for table kembara_smart.model_has_roles: ~2 rows (approximately)
/*!40000 ALTER TABLE `model_has_roles` DISABLE KEYS */;
INSERT INTO `model_has_roles` (`role_id`, `model_type`, `model_id`) VALUES
	(1, 'App\\Models\\User', 1),
	(13, 'App\\Models\\User', 2);
/*!40000 ALTER TABLE `model_has_roles` ENABLE KEYS */;

-- Dumping structure for table kembara_smart.password_reset_tokens
CREATE TABLE IF NOT EXISTS `password_reset_tokens` (
  `email` varchar(255) COLLATE utf8mb4_unicode_ci NOT NULL,
  `token` varchar(255) COLLATE utf8mb4_unicode_ci NOT NULL,
  `created_at` timestamp NULL DEFAULT NULL,
  PRIMARY KEY (`email`)
) ENGINE=InnoDB DEFAULT CHARSET=utf8mb4 COLLATE=utf8mb4_unicode_ci;

-- Dumping data for table kembara_smart.password_reset_tokens: ~0 rows (approximately)
/*!40000 ALTER TABLE `password_reset_tokens` DISABLE KEYS */;
/*!40000 ALTER TABLE `password_reset_tokens` ENABLE KEYS */;

-- Dumping structure for table kembara_smart.permissions
CREATE TABLE IF NOT EXISTS `permissions` (
  `id` bigint(20) unsigned NOT NULL AUTO_INCREMENT,
  `name` varchar(255) COLLATE utf8mb4_unicode_ci NOT NULL,
  `description` varchar(255) COLLATE utf8mb4_unicode_ci DEFAULT NULL,
  `guard_name` varchar(255) COLLATE utf8mb4_unicode_ci NOT NULL,
  `group` varchar(255) COLLATE utf8mb4_unicode_ci NOT NULL,
  `created_at` timestamp NULL DEFAULT NULL,
  `updated_at` timestamp NULL DEFAULT NULL,
  PRIMARY KEY (`id`),
  UNIQUE KEY `permissions_name_guard_name_unique` (`name`,`guard_name`)
) ENGINE=InnoDB AUTO_INCREMENT=13 DEFAULT CHARSET=utf8mb4 COLLATE=utf8mb4_unicode_ci;

-- Dumping data for table kembara_smart.permissions: ~12 rows (approximately)
/*!40000 ALTER TABLE `permissions` DISABLE KEYS */;
INSERT INTO `permissions` (`id`, `name`, `description`, `guard_name`, `group`, `created_at`, `updated_at`) VALUES
	(1, 'users.view', 'View User', 'web', 'User', NULL, NULL),
	(2, 'users.create', 'Create User', 'web', 'User', NULL, NULL),
	(3, 'users.edit', 'Edit User', 'web', 'User', NULL, NULL),
	(4, 'users.delete', 'Delete User', 'web', 'User', NULL, NULL),
	(5, 'roles.view', 'View Role', 'web', 'Role', NULL, NULL),
	(6, 'roles.create', 'Create Role', 'web', 'Role', NULL, NULL),
	(7, 'roles.edit', 'Edit Role', 'web', 'Role', NULL, NULL),
	(8, 'roles.delete', 'Delete Role', 'web', 'Role', NULL, NULL),
	(9, 'packages.view', 'View Package', 'web', 'Packages', NULL, NULL),
	(10, 'packages.create', 'View Package', 'web', 'Packages', NULL, NULL),
	(11, 'packages.edit', 'View Package', 'web', 'Packages', NULL, NULL),
	(12, 'packages.delete', 'View Package', 'web', 'Packages', NULL, NULL);
/*!40000 ALTER TABLE `permissions` ENABLE KEYS */;

-- Dumping structure for table kembara_smart.roles
CREATE TABLE IF NOT EXISTS `roles` (
  `id` bigint(20) unsigned NOT NULL AUTO_INCREMENT,
  `name` varchar(255) COLLATE utf8mb4_unicode_ci NOT NULL,
  `description` varchar(255) COLLATE utf8mb4_unicode_ci DEFAULT NULL,
  `guard_name` varchar(255) COLLATE utf8mb4_unicode_ci NOT NULL,
  `created_at` timestamp NULL DEFAULT NULL,
  `updated_at` timestamp NULL DEFAULT NULL,
  PRIMARY KEY (`id`),
  UNIQUE KEY `roles_name_guard_name_unique` (`name`,`guard_name`)
) ENGINE=InnoDB AUTO_INCREMENT=17 DEFAULT CHARSET=utf8mb4 COLLATE=utf8mb4_unicode_ci;

-- Dumping data for table kembara_smart.roles: ~16 rows (approximately)
/*!40000 ALTER TABLE `roles` DISABLE KEYS */;
INSERT INTO `roles` (`id`, `name`, `description`, `guard_name`, `created_at`, `updated_at`) VALUES
	(1, 'super-admin', 'Super Admin', 'web', NULL, NULL),
	(2, 'administrator', 'Administrator', 'web', NULL, NULL),
	(3, 'chief-executive-officer', 'Chief Executive Officer', 'web', NULL, NULL),
	(4, 'chief-operation-officer', 'Chief Operation Officer', 'web', NULL, NULL),
	(5, 'chief-finance-officer', 'Chief Finance Officer', 'web', NULL, NULL),
	(6, 'manager', 'Manager', 'web', NULL, NULL),
	(7, 'human-resources', 'Human Resources', 'web', NULL, NULL),
	(8, 'finance', 'Finance', 'web', NULL, NULL),
	(9, 'software-engineer', 'Software Engineer', 'web', NULL, NULL),
	(10, 'technical-engineer', 'Technical Engineer', 'web', NULL, NULL),
	(11, 'operation-engineer', 'Operation Engineer', 'web', NULL, NULL),
	(12, 'agent', 'Agent', 'web', NULL, NULL),
	(13, 'pemohon', 'Pemohon', 'web', NULL, NULL),
	(14, 'chief-technology-officer', 'Chief Technology Officer', 'web', NULL, NULL);
/*!40000 ALTER TABLE `roles` ENABLE KEYS */;

-- Dumping structure for table kembara_smart.role_has_permissions
CREATE TABLE IF NOT EXISTS `role_has_permissions` (
  `permission_id` bigint(20) unsigned NOT NULL,
  `role_id` bigint(20) unsigned NOT NULL,
  PRIMARY KEY (`permission_id`,`role_id`),
  KEY `role_has_permissions_role_id_foreign` (`role_id`),
  CONSTRAINT `role_has_permissions_permission_id_foreign` FOREIGN KEY (`permission_id`) REFERENCES `permissions` (`id`) ON DELETE CASCADE,
  CONSTRAINT `role_has_permissions_role_id_foreign` FOREIGN KEY (`role_id`) REFERENCES `roles` (`id`) ON DELETE CASCADE
) ENGINE=InnoDB DEFAULT CHARSET=utf8mb4 COLLATE=utf8mb4_unicode_ci;

-- Dumping data for table kembara_smart.role_has_permissions: ~24 rows (approximately)
/*!40000 ALTER TABLE `role_has_permissions` DISABLE KEYS */;
INSERT INTO `role_has_permissions` (`permission_id`, `role_id`) VALUES
	(1, 1),
	(2, 1),
	(3, 1),
	(4, 1),
	(5, 1),
	(6, 1),
	(7, 1),
	(8, 1),
	(9, 1),
	(10, 1),
	(11, 1),
	(12, 1);
/*!40000 ALTER TABLE `role_has_permissions` ENABLE KEYS */;

-- Dumping structure for table kembara_smart.sessions
CREATE TABLE IF NOT EXISTS `sessions` (
  `id` varchar(255) COLLATE utf8mb4_unicode_ci NOT NULL,
  `user_id` bigint(20) unsigned DEFAULT NULL,
  `ip_address` varchar(45) COLLATE utf8mb4_unicode_ci DEFAULT NULL,
  `user_agent` text COLLATE utf8mb4_unicode_ci,
  `payload` longtext COLLATE utf8mb4_unicode_ci NOT NULL,
  `last_activity` int(11) NOT NULL,
  PRIMARY KEY (`id`),
  KEY `sessions_user_id_index` (`user_id`),
  KEY `sessions_last_activity_index` (`last_activity`)
) ENGINE=InnoDB DEFAULT CHARSET=utf8mb4 COLLATE=utf8mb4_unicode_ci;

-- Dumping data for table kembara_smart.sessions: ~0 rows (approximately)
/*!40000 ALTER TABLE `sessions` DISABLE KEYS */;
INSERT INTO `sessions` (`id`, `user_id`, `ip_address`, `user_agent`, `payload`, `last_activity`) VALUES
	('dp9JmlntL99S6M8qVeD81Y1rg39nr3S2J4QoA6pf', 2, '127.0.0.1', 'Mozilla/5.0 (Windows NT 10.0; Win64; x64) AppleWebKit/537.36 (KHTML, like Gecko) Chrome/143.0.0.0 Safari/537.36', 'YTo1OntzOjY6Il90b2tlbiI7czo0MDoiNklDdlJPa1FvMEJtQm9OYzlETGgwQ3d3R3AyZFhoSWhRMERuVmRjOSI7czozOiJ1cmwiO2E6MDp7fXM6NjoiX2ZsYXNoIjthOjI6e3M6Mzoib2xkIjthOjA6e31zOjM6Im5ldyI7YTowOnt9fXM6NTA6ImxvZ2luX3dlYl81OWJhMzZhZGRjMmIyZjk0MDE1ODBmMDE0YzdmNThlYTRlMzA5ODlkIjtpOjI7czo5OiJfcHJldmlvdXMiO2E6Mjp7czozOiJ1cmwiO3M6MzE6Imh0dHA6Ly8xMjcuMC4wLjE6ODAwMC9kYXNoYm9hcmQiO3M6NToicm91dGUiO3M6OToiZGFzaGJvYXJkIjt9fQ==', 1765769509),
	('fMPXkr0RUSjH1KOS0mXdTLdxcwn0EFMMcuRYWLgI', 1, '127.0.0.1', 'Mozilla/5.0 (Windows NT 10.0; Win64; x64) AppleWebKit/537.36 (KHTML, like Gecko) Chrome/143.0.0.0 Safari/537.36', 'YTo1OntzOjY6Il90b2tlbiI7czo0MDoiZGZyR2lMa0lRckRvbElQVmtNS3p6UnBCWURWZmRHSjlLOGZnV1l5YSI7czo2OiJfZmxhc2giO2E6Mjp7czozOiJvbGQiO2E6MDp7fXM6MzoibmV3IjthOjA6e319czo1MDoibG9naW5fd2ViXzU5YmEzNmFkZGMyYjJmOTQwMTU4MGYwMTRjN2Y1OGVhNGUzMDk4OWQiO2k6MTtzOjk6Il9wcmV2aW91cyI7YToyOntzOjM6InVybCI7czoyNzoiaHR0cDovLzEyNy4wLjAuMTo4MDAwL3VzZXJzIjtzOjU6InJvdXRlIjtzOjExOiJ1c2Vycy5pbmRleCI7fXM6MzoidXJsIjthOjE6e3M6ODoiaW50ZW5kZWQiO3M6NDE6Imh0dHA6Ly8xMjcuMC4wLjE6ODAwMC9zZXR0aW5ncy90d28tZmFjdG9yIjt9fQ==', 1765769416),
	('ltDtf88Eun8iYNO1IGyuJeOmnqmQnewk2npJY99j', NULL, '127.0.0.1', 'Mozilla/5.0 (Windows NT 10.0; Win64; x64) AppleWebKit/537.36 (KHTML, like Gecko) Chrome/143.0.0.0 Safari/537.36', 'YToyOntzOjY6Il90b2tlbiI7czo0MDoia25EenprUXFhTnZSQ3ZJREZpYlBNRjhXY3AzQk5vVGxLRFJpeEQ5ZCI7czo2OiJfZmxhc2giO2E6Mjp7czozOiJvbGQiO2E6MDp7fXM6MzoibmV3IjthOjA6e319fQ==', 1765769418);
/*!40000 ALTER TABLE `sessions` ENABLE KEYS */;

-- Dumping structure for table kembara_smart.tbl_ap_packages
CREATE TABLE IF NOT EXISTS `tbl_ap_packages` (
  `id` bigint(20) unsigned NOT NULL AUTO_INCREMENT,
  `nama` varchar(255) COLLATE utf8mb4_unicode_ci NOT NULL,
  `PackageCode` varchar(255) COLLATE utf8mb4_unicode_ci DEFAULT NULL,
  `Agency` int(11) NOT NULL DEFAULT '0',
  `BranchAgency` int(11) NOT NULL DEFAULT '0',
  `PackageStatus` int(11) NOT NULL DEFAULT '1',
  `created_at` timestamp NULL DEFAULT NULL,
  `updated_at` timestamp NULL DEFAULT NULL,
  PRIMARY KEY (`id`)
) ENGINE=InnoDB AUTO_INCREMENT=5 DEFAULT CHARSET=utf8mb4 COLLATE=utf8mb4_unicode_ci;

-- Dumping data for table kembara_smart.tbl_ap_packages: ~2 rows (approximately)
/*!40000 ALTER TABLE `tbl_ap_packages` DISABLE KEYS */;
INSERT INTO `tbl_ap_packages` (`id`, `nama`, `PackageCode`, `Agency`, `BranchAgency`, `PackageStatus`, `created_at`, `updated_at`) VALUES
	(1, 'Smart Umrah', 'SU01', 0, 0, 1, '2025-12-15 02:08:25', '2025-12-15 02:40:50'),
	(2, 'Smart Travel', 'SU02', 0, 0, 1, '2025-12-15 02:08:25', '2025-12-15 02:49:31');
/*!40000 ALTER TABLE `tbl_ap_packages` ENABLE KEYS */;

-- Dumping structure for table kembara_smart.tbl_ap_subpackages
CREATE TABLE IF NOT EXISTS `tbl_ap_subpackages` (
  `id` bigint(20) unsigned NOT NULL AUTO_INCREMENT,
  `package_id` bigint(20) unsigned NOT NULL,
  `name` varchar(255) COLLATE utf8mb4_unicode_ci NOT NULL,
  `picture` varchar(255) COLLATE utf8mb4_unicode_ci DEFAULT NULL,
  `description` varchar(255) COLLATE utf8mb4_unicode_ci DEFAULT NULL,
  `price` varchar(255) COLLATE utf8mb4_unicode_ci DEFAULT NULL,
  `created_at` timestamp NULL DEFAULT NULL,
  `updated_at` timestamp NULL DEFAULT NULL,
  PRIMARY KEY (`id`),
  KEY `tbl_ap_subpackages_package_id_foreign` (`package_id`),
  CONSTRAINT `tbl_ap_subpackages_package_id_foreign` FOREIGN KEY (`package_id`) REFERENCES `tbl_ap_packages` (`id`) ON DELETE CASCADE
) ENGINE=InnoDB AUTO_INCREMENT=13 DEFAULT CHARSET=utf8mb4 COLLATE=utf8mb4_unicode_ci;

-- Dumping data for table kembara_smart.tbl_ap_subpackages: ~6 rows (approximately)
/*!40000 ALTER TABLE `tbl_ap_subpackages` DISABLE KEYS */;
INSERT INTO `tbl_ap_subpackages` (`id`, `package_id`, `name`, `picture`, `description`, `price`, `created_at`, `updated_at`) VALUES
	(1, 1, 'Super Ekonomi', 'pakejsm1.webp', '12 hari 10 malam', '6,490', '2025-12-15 02:08:25', '2025-12-15 02:08:25'),
	(2, 1, 'Ekonomi', 'pakejsm2.webp', '12 hari 10 malam', '130,000', '2025-12-15 02:08:25', '2025-12-15 02:08:25'),
	(3, 1, 'Premium', 'pakejsm3.webp', '12 hari 10 malam', '150,000', '2025-12-15 02:08:25', '2025-12-15 02:08:25'),
	(10, 2, 'Basic', NULL, NULL, NULL, '2025-12-15 02:48:50', '2025-12-15 02:48:50'),
	(11, 2, 'Pro', NULL, NULL, NULL, '2025-12-15 02:48:50', '2025-12-15 02:48:50'),
	(12, 2, 'Pro Max', NULL, NULL, NULL, '2025-12-15 02:48:50', '2025-12-15 02:48:50');
/*!40000 ALTER TABLE `tbl_ap_subpackages` ENABLE KEYS */;

-- Dumping structure for table kembara_smart.users
CREATE TABLE IF NOT EXISTS `users` (
  `id` bigint(20) unsigned NOT NULL AUTO_INCREMENT,
  `name` varchar(255) COLLATE utf8mb4_unicode_ci NOT NULL,
  `email` varchar(255) COLLATE utf8mb4_unicode_ci NOT NULL,
  `email_verified_at` timestamp NULL DEFAULT NULL,
  `password` varchar(255) COLLATE utf8mb4_unicode_ci NOT NULL,
  `two_factor_secret` text COLLATE utf8mb4_unicode_ci,
  `two_factor_recovery_codes` text COLLATE utf8mb4_unicode_ci,
  `two_factor_confirmed_at` timestamp NULL DEFAULT NULL,
  `remember_token` varchar(100) COLLATE utf8mb4_unicode_ci DEFAULT NULL,
  `created_at` timestamp NULL DEFAULT NULL,
  `updated_at` timestamp NULL DEFAULT NULL,
  PRIMARY KEY (`id`),
  UNIQUE KEY `users_email_unique` (`email`)
) ENGINE=InnoDB AUTO_INCREMENT=3 DEFAULT CHARSET=utf8mb4 COLLATE=utf8mb4_unicode_ci;

-- Dumping data for table kembara_smart.users: ~2 rows (approximately)
/*!40000 ALTER TABLE `users` DISABLE KEYS */;
INSERT INTO `users` (`id`, `name`, `email`, `email_verified_at`, `password`, `two_factor_secret`, `two_factor_recovery_codes`, `two_factor_confirmed_at`, `remember_token`, `created_at`, `updated_at`) VALUES
	(1, 'Admin', 'admin@gmail.com', NULL, '$2y$12$mML8omORGX/qLObqsP8MtOOssWtkmETcS4d6iFZ4gMO4mD.a4n94u', NULL, NULL, NULL, NULL, '2025-12-15 02:08:25', '2025-12-15 02:08:25'),
	(2, 'User001', 'user@gmail.com', NULL, '$2y$12$o436/BlGovdivAFDlqu6Iu35YfoF73dUfQQE.VTBnba5M.EIpmofS', NULL, NULL, NULL, NULL, '2025-12-15 02:08:25', '2025-12-15 02:08:25');
/*!40000 ALTER TABLE `users` ENABLE KEYS */;

/*!40101 SET SQL_MODE=IFNULL(@OLD_SQL_MODE, '') */;
/*!40014 SET FOREIGN_KEY_CHECKS=IFNULL(@OLD_FOREIGN_KEY_CHECKS, 1) */;
/*!40101 SET CHARACTER_SET_CLIENT=@OLD_CHARACTER_SET_CLIENT */;
/*!40111 SET SQL_NOTES=IFNULL(@OLD_SQL_NOTES, 1) */;
